{"cameraMode":{"drawMode":0,"name":"Shaded","section":"Shading Mode"},"sceneLighting":true,"audioPlay":false,"sceneViewState":{"showFog":true,"showMaterialUpdate":true,"showSkybox":true,"showFlares":true,"showImageEffects":true,"showParticleSystems":true},"in2DMode":false,"pivot":{"x":0.3743993639945984,"y":0.7541186809539795,"z":0.06852459907531738},"rotation":{"x":-0.09256653487682343,"y":0.8988193273544312,"z":-0.2302810549736023,"w":-0.3612934350967407},"size":1.0178120136260987,"orthographic":false}