{"cameraMode":{"drawMode":0,"name":"Shaded","section":"Shading Mode"},"sceneLighting":true,"audioPlay":false,"sceneViewState":{"showFog":true,"showMaterialUpdate":false,"showSkybox":true,"showFlares":true,"showImageEffects":true,"showParticleSystems":true},"in2DMode":false,"pivot":{"x":-20.040000915527345,"y":2.190000057220459,"z":23.709999084472658},"rotation":{"x":-0.17966236174106599,"y":-0.7704989314079285,"z":0.24749745428562165,"w":-0.5592995285987854},"size":9.684821128845215,"orthographic":false}